old_name,new_name,brand,art_number,color,price,status,error
WhatsApp Image 2026-07-10 at 1.36.58 PM (1).jpeg,Walkaroo_Unknown_Tan_439.jpeg,Walkaroo,,Tan,439,ok,
WhatsApp Image 2026-07-10 at 1.36.58 PM.jpeg,Walkaroo_WC4865_Peach_299.jpeg,Walkaroo,WC4865,Peach,299,ok,
WhatsApp Image 2026-07-10 at 1.37.03 PM.jpeg,Walkaroo_WF6258_Brown_799.jpeg,Walkaroo,WF6258,Brown,799,ok,
WhatsApp Image 2026-07-10 at 1.37.06 PM.jpeg,Walkaroo_WF6255_TW_PR_829.jpeg,Walkaroo,WF6255,TW_PR,829,ok,
WhatsApp Image 2026-07-10 at 1.37.07 PM (1).jpeg,Walkaroo_WL7900_Purple_359.jpeg,Walkaroo,WL7900,Purple,359,ok,
WhatsApp Image 2026-07-10 at 1.37.07 PM (2).jpeg,Walkaroo_WLR79400_Maroon_274.jpeg,Walkaroo,WLR79400,Maroon,274,ok,
WhatsApp Image 2026-07-10 at 1.37.07 PM (3).jpeg,Walkaroo_WLR77023_Green_299.jpeg,Walkaroo,WLR77023,Green,299,ok,
WhatsApp Image 2026-07-10 at 1.37.07 PM (4).jpeg,Walkaroo_WL7800_Black_319.jpeg,Walkaroo,WL7800,Black,319,ok,
WhatsApp Image 2026-07-10 at 1.37.07 PM (5).jpeg,Walkaroo_WLR77012_Brown_359.jpeg,Walkaroo,WLR77012,Brown,359,ok,
WhatsApp Image 2026-07-10 at 1.37.07 PM (6).jpeg,Walkaroo_WLR77012_Olive_359.jpeg,Walkaroo,WLR77012,Olive,359,ok,
WhatsApp Image 2026-07-10 at 1.37.07 PM (7).jpeg,Walkaroo_WLP7801_Black_499.jpeg,Walkaroo,WLP7801,Black,499,ok,
WhatsApp Image 2026-07-10 at 1.37.07 PM.jpeg,Walkaroo_WL7900_French_Beige_359.jpeg,Walkaroo,WL7900,French_Beige,359,ok,
WhatsApp Image 2026-07-10 at 1.37.08 PM (1).jpeg,Walkaroo_W187_Blue_189.jpeg,Walkaroo,W187,Blue,189,ok,
WhatsApp Image 2026-07-10 at 1.37.08 PM (2).jpeg,Walkaroo_BX2255_Grey_184.jpeg,Walkaroo,BX2255,Grey,184,ok,
WhatsApp Image 2026-07-10 at 1.37.08 PM (3).jpeg,Walkaroo_BX2255_Brown_184.jpeg,Walkaroo,BX2255,Brown,184,ok,
WhatsApp Image 2026-07-10 at 1.37.08 PM (4).jpeg,Walkaroo_W172_Brown_279.jpeg,Walkaroo,W172,Brown,279,ok,
WhatsApp Image 2026-07-10 at 1.37.08 PM (5).jpeg,Walkaroo_W102_Black_264.jpeg,Walkaroo,W102,Black,264,ok,
WhatsApp Image 2026-07-10 at 1.37.08 PM (6).jpeg,Walkaroo_WL981_MOONBLE_279.jpeg,Walkaroo,WL981,MOONBLE,279,ok,
WhatsApp Image 2026-07-10 at 1.37.08 PM (7).jpeg,Walkaroo_WL7132_FIG_260.jpeg,Walkaroo,WL7132,FIG,260,ok,
WhatsApp Image 2026-07-10 at 1.37.08 PM (8).jpeg,Walkaroo_WLP70418_Rose_329.jpeg,Walkaroo,WLP70418,Rose,329,ok,
WhatsApp Image 2026-07-10 at 1.37.08 PM.jpeg,Walkaroo_W187_Pink_189.jpeg,Walkaroo,W187,Pink,189,ok,
WhatsApp Image 2026-07-10 at 1.37.09 PM (1).jpeg,Walkaroo_BX2255_Standard_184.jpeg,Walkaroo,BX2255,Standard,184,ok,
WhatsApp Image 2026-07-10 at 1.37.09 PM (10).jpeg,Walkaroo_WLR74018_CUSHION_SH_IS_309.jpeg,Walkaroo,WLR74018,CUSHION_SH_IS,309,ok,
WhatsApp Image 2026-07-10 at 1.37.09 PM (11).jpeg,Walkaroo_WLR73022_Black_279.jpeg,Walkaroo,WLR73022,Black,279,ok,
WhatsApp Image 2026-07-10 at 1.37.09 PM (12).jpeg,Walkaroo_WLR73022_Blue_279.jpeg,Walkaroo,WLR73022,Blue,279,ok,
WhatsApp Image 2026-07-10 at 1.37.09 PM (13).jpeg,Walkaroo_WGP53410_Tan_479.jpeg,Walkaroo,WGP53410,Tan,479,ok,
WhatsApp Image 2026-07-10 at 1.37.09 PM (14).jpeg,Walkaroo_WGP53408_Blue_469.jpeg,Walkaroo,WGP53408,Blue,469,ok,
WhatsApp Image 2026-07-10 at 1.37.09 PM (15).jpeg,Walkaroo_WEI356_MRRG_719.jpeg,Walkaroo,WEI356,MRRG,719,ok,
WhatsApp Image 2026-07-10 at 1.37.09 PM (16).jpeg,Walkaroo_Unknown_Tan_739.jpeg,Walkaroo,,Tan,739,ok,
WhatsApp Image 2026-07-10 at 1.37.09 PM (17).jpeg,Walkaroo_W27138_Standard_269.jpeg,Walkaroo,W27138,Standard,269,ok,
WhatsApp Image 2026-07-10 at 1.37.09 PM (18).jpeg,Walkaroo_Unknown_Black_679.jpeg,Walkaroo,,Black,679,ok,
WhatsApp Image 2026-07-10 at 1.37.09 PM (19).jpeg,Walkaroo_Unknown_Black_679_2.jpeg,Walkaroo,,Black,679,ok,
WhatsApp Image 2026-07-10 at 1.37.09 PM (2).jpeg,Walkaroo_BX2255_Blue_184.jpeg,Walkaroo,BX2255,Blue,184,ok,
WhatsApp Image 2026-07-10 at 1.37.09 PM (20).jpeg,Walkaroo_Unknown_Black_679_3.jpeg,Walkaroo,,Black,679,ok,
WhatsApp Image 2026-07-10 at 1.37.09 PM (21).jpeg,Walkaroo_Unknown_Black_679_4.jpeg,Walkaroo,,Black,679,ok,
WhatsApp Image 2026-07-10 at 1.37.09 PM (22).jpeg,Walkaroo_Unknown_Black_679_5.jpeg,Walkaroo,,Black,679,ok,
WhatsApp Image 2026-07-10 at 1.37.09 PM (23).jpeg,Walkaroo_Unknown_Black_719_2.jpeg,Walkaroo,,Black,719,ok,
WhatsApp Image 2026-07-10 at 1.37.09 PM (24).jpeg,Walkaroo_Unknown_Black_719.jpeg,Walkaroo,,Black,719,ok,
WhatsApp Image 2026-07-10 at 1.37.09 PM (25).jpeg,Walkaroo_W5687_Black_309.jpeg,Walkaroo,W5687,Black,309,ok,
WhatsApp Image 2026-07-10 at 1.37.09 PM (26).jpeg,Walkaroo_W5687_Brown_309.jpeg,Walkaroo,W5687,Brown,309,ok,
WhatsApp Image 2026-07-10 at 1.37.09 PM (27).jpeg,Walkaroo_W5687_Green_309.jpeg,Walkaroo,W5687,Green,309,ok,
WhatsApp Image 2026-07-10 at 1.37.09 PM (28).jpeg,Walkaroo_W5687_Brown_309_2.jpeg,Walkaroo,W5687,Brown,309,ok,
WhatsApp Image 2026-07-10 at 1.37.09 PM (29).jpeg,Walkaroo_W5687_Tan_309.jpeg,Walkaroo,W5687,Tan,309,ok,
WhatsApp Image 2026-07-10 at 1.37.09 PM (3).jpeg,Walkaroo_BX2650_Blue_239.jpeg,Walkaroo,BX2650,Blue,239,ok,
WhatsApp Image 2026-07-10 at 1.37.09 PM (30).jpeg,Walkaroo_WE1335_Black_599.jpeg,Walkaroo,WE1335,Black,599,ok,
WhatsApp Image 2026-07-10 at 1.37.09 PM (31).jpeg,Walkaroo_WEI335_RETAIL_599.jpeg,Walkaroo,WEI335,RETAIL,599,ok,
WhatsApp Image 2026-07-10 at 1.37.09 PM (32).jpeg,Walkaroo_WGP53320_Brown_479.jpeg,Walkaroo,WGP53320,Brown,479,ok,
WhatsApp Image 2026-07-10 at 1.37.09 PM (33).jpeg,Walkaroo_WGP53320_Black_479.jpeg,Walkaroo,WGP53320,Black,479,ok,
WhatsApp Image 2026-07-10 at 1.37.09 PM (34).jpeg,Walkaroo_WGP53032_TS_EA_AN_OY_G_799.jpeg,Walkaroo,WGP53032,TS_EA_AN_OY_G,799,ok,
WhatsApp Image 2026-07-10 at 1.37.09 PM (35).jpeg,Walkaroo_WGP53032_LLE_799.jpeg,Walkaroo,WGP53032,LLE,799,ok,
WhatsApp Image 2026-07-10 at 1.37.09 PM (36).jpeg,Walkaroo_WGP53440_Camel_519.jpeg,Walkaroo,WGP53440,Camel,519,ok,
WhatsApp Image 2026-07-10 at 1.37.09 PM (37).jpeg,Walkaroo_WGP53440_OME_V_519.jpeg,Walkaroo,WGP53440,OME_V,519,ok,
WhatsApp Image 2026-07-10 at 1.37.09 PM (38).jpeg,Walkaroo_WGP53410_Tan_479_2.jpeg,Walkaroo,WGP53410,Tan,479,ok,
WhatsApp Image 2026-07-10 at 1.37.09 PM (39).jpeg,Walkaroo_WGP5345_Blue_259.jpeg,Walkaroo,WGP5345,Blue,259,ok,
WhatsApp Image 2026-07-10 at 1.37.09 PM (4).jpeg,Walkaroo_WLR72017_PLUM_259.jpeg,Walkaroo,WLR72017,PLUM,259,ok,
WhatsApp Image 2026-07-10 at 1.37.09 PM (40).jpeg,Walkaroo_WGR53351_Olive_539.jpeg,Walkaroo,WGR53351,Olive,539,ok,
WhatsApp Image 2026-07-10 at 1.37.09 PM (41).jpeg,Walkaroo_WGR53387_Black_429.jpeg,Walkaroo,WGR53387,Black,429,ok,
WhatsApp Image 2026-07-10 at 1.37.09 PM (42).jpeg,Walkaroo_WE1020_HN_I_629.jpeg,Walkaroo,WE1020,HN_I,629,ok,
WhatsApp Image 2026-07-10 at 1.37.09 PM (43).jpeg,Walkaroo_WE1020_RETAIL_629.jpeg,Walkaroo,WE1020,RETAIL,629,ok,
WhatsApp Image 2026-07-10 at 1.37.09 PM (44).jpeg,Walkaroo_BX2554_IALKAVOO_299.jpeg,Walkaroo,BX2554,IALKAVOO,299,ok,
WhatsApp Image 2026-07-10 at 1.37.09 PM (45).jpeg,Walkaroo_WLP72034_Standard_349.jpeg,Walkaroo,WLP72034,Standard,349,ok,
WhatsApp Image 2026-07-10 at 1.37.09 PM (46).jpeg,Walkaroo_WLP72034_Blue_349.jpeg,Walkaroo,WLP72034,Blue,349,ok,
WhatsApp Image 2026-07-10 at 1.37.09 PM (47).jpeg,Walkaroo_BX2554_Maroon_299.jpeg,Walkaroo,BX2554,Maroon,299,ok,
WhatsApp Image 2026-07-10 at 1.37.09 PM (48).jpeg,Walkaroo_WE2349_Olive_379.jpeg,Walkaroo,WE2349,Olive,379,ok,
WhatsApp Image 2026-07-10 at 1.37.09 PM (49).jpeg,Walkaroo_WLR71215_Beige_299.jpeg,Walkaroo,WLR71215,Beige,299,ok,
WhatsApp Image 2026-07-10 at 1.37.09 PM (5).jpeg,Walkaroo_BASIX_BX2675_Maroon_229.jpeg,Walkaroo_BASIX,BX2675,Maroon,229,ok,
WhatsApp Image 2026-07-10 at 1.37.09 PM (50).jpeg,Walkaroo_WL7554_Purple_379.jpeg,Walkaroo,WL7554,Purple,379,ok,
WhatsApp Image 2026-07-10 at 1.37.09 PM (51).jpeg,Walkaroo_BX2672_Brown_269.jpeg,Walkaroo,BX2672,Brown,269,ok,
WhatsApp Image 2026-07-10 at 1.37.09 PM (52).jpeg,Walkaroo_WE2023_Beige_499.jpeg,Walkaroo,WE2023,Beige,499,ok,
WhatsApp Image 2026-07-10 at 1.37.09 PM (53).jpeg,Walkaroo_BX2554_Burgundy_299.jpeg,Walkaroo,BX2554,Burgundy,299,ok,
WhatsApp Image 2026-07-10 at 1.37.09 PM (54).jpeg,Walkaroo_WLR72017_Brown_269.jpeg,Walkaroo,WLR72017,Brown,269,ok,
WhatsApp Image 2026-07-10 at 1.37.09 PM (55).jpeg,Walkaroo_WLR72017_PLUM_269.jpeg,Walkaroo,WLR72017,PLUM,269,ok,
WhatsApp Image 2026-07-10 at 1.37.09 PM (56).jpeg,Walkaroo_WE2349_Purple_379.jpeg,Walkaroo,WE2349,Purple,379,ok,
WhatsApp Image 2026-07-10 at 1.37.09 PM (57).jpeg,Walkaroo_WLR74019_DUSTY_ON_379.jpeg,Walkaroo,WLR74019,DUSTY_ON,379,ok,
WhatsApp Image 2026-07-10 at 1.37.09 PM (58).jpeg,Walkaroo_WLR72077_Black_359.jpeg,Walkaroo,WLR72077,Black,359,ok,
WhatsApp Image 2026-07-10 at 1.37.09 PM (59).jpeg,Walkaroo_WLR72042_Sand_329.jpeg,Walkaroo,WLR72042,Sand,329,ok,
WhatsApp Image 2026-07-10 at 1.37.09 PM (6).jpeg,Walkaroo_WLR71215_Beige_299_2.jpeg,Walkaroo,WLR71215,Beige,299,ok,
WhatsApp Image 2026-07-10 at 1.37.09 PM (60).jpeg,Walkaroo_BX2554_Blue_299.jpeg,Walkaroo,BX2554,Blue,299,ok,
WhatsApp Image 2026-07-10 at 1.37.09 PM (61).jpeg,Walkaroo_WL7554_Olive_379.jpeg,Walkaroo,WL7554,Olive,379,ok,
WhatsApp Image 2026-07-10 at 1.37.09 PM (62).jpeg,Walkaroo_BX2554_Black_299.jpeg,Walkaroo,BX2554,Black,299,ok,
WhatsApp Image 2026-07-10 at 1.37.09 PM (63).jpeg,Walkaroo_WLP78050_Olive_499.jpeg,Walkaroo,WLP78050,Olive,499,ok,
WhatsApp Image 2026-07-10 at 1.37.09 PM (64).jpeg,Walkaroo_WE1347_Olive_749.jpeg,Walkaroo,WE1347,Olive,749,ok,
WhatsApp Image 2026-07-10 at 1.37.09 PM (65).jpeg,Walkaroo_WC8800_White_269.jpeg,Walkaroo,WC8800,White,269,ok,
WhatsApp Image 2026-07-10 at 1.37.09 PM (66).jpeg,Walkaroo_Unknown_JK_F_339.jpeg,Walkaroo,,JK_F,339,ok,
WhatsApp Image 2026-07-10 at 1.37.09 PM (67).jpeg,Walkaroo_WC4843_Grey_314.jpeg,Walkaroo,WC4843,Grey,314,ok,
WhatsApp Image 2026-07-10 at 1.37.09 PM (68).jpeg,Walkaroo_WC4843_Grey_314_2.jpeg,Walkaroo,WC4843,Grey,314,ok,
WhatsApp Image 2026-07-10 at 1.37.09 PM (69).jpeg,Walkaroo_Unknown_Olive_479.jpeg,Walkaroo,,Olive,479,ok,
WhatsApp Image 2026-07-10 at 1.37.09 PM (7).jpeg,Walkaroo_BX2669_IALKAVOO_259.jpeg,Walkaroo,BX2669,IALKAVOO,259,ok,
WhatsApp Image 2026-07-10 at 1.37.09 PM (70).jpeg,Walkaroo_WC8737_Grey_299.jpeg,Walkaroo,WC8737,Grey,299,ok,
WhatsApp Image 2026-07-10 at 1.37.09 PM (71).jpeg,Walkaroo_WC4823_Grey_289.jpeg,Walkaroo,WC4823,Grey,289,ok,
WhatsApp Image 2026-07-10 at 1.37.09 PM (72).jpeg,Walkaroo_Unknown_Khaki_439.jpeg,Walkaroo,,Khaki,439,ok,
WhatsApp Image 2026-07-10 at 1.37.09 PM (73).jpeg,Walkaroo_Unknown_Black_439.jpeg,Walkaroo,,Black,439,ok,
WhatsApp Image 2026-07-10 at 1.37.09 PM (74).jpeg,Walkaroo_WC8819_Tan_279.jpeg,Walkaroo,WC8819,Tan,279,ok,
WhatsApp Image 2026-07-10 at 1.37.09 PM (75).jpeg,Walkaroo_WC4829_White_359.jpeg,Walkaroo,WC4829,White,359,ok,
WhatsApp Image 2026-07-10 at 1.37.09 PM (76).jpeg,Walkaroo_FLR43110_Beige_329.jpeg,Walkaroo,FLR43110,Beige,329,ok,
WhatsApp Image 2026-07-10 at 1.37.09 PM (77).jpeg,Walkaroo_WC4865_Peach_299_2.jpeg,Walkaroo,WC4865,Peach,299,ok,
WhatsApp Image 2026-07-10 at 1.37.09 PM (78).jpeg,Walkaroo_Unknown_Tan_439_2.jpeg,Walkaroo,,Tan,439,ok,
WhatsApp Image 2026-07-10 at 1.37.09 PM (8).jpeg,Walkaroo_WL7673_Standard_299.jpeg,Walkaroo,WL7673,Standard,299,ok,
WhatsApp Image 2026-07-10 at 1.37.09 PM (9).jpeg,Walkaroo_BX2672_Blue_264.jpeg,Walkaroo,BX2672,Blue,264,ok,
WhatsApp Image 2026-07-10 at 1.37.09 PM.jpeg,Walkaroo_Unknown_Tan_289.jpeg,Walkaroo,,Tan,289,ok,
WhatsApp Image 2026-07-10 at 1.43.22 PM (1).jpeg,Walkaroo_WER332_CUSUION_NE_ZG_519.jpeg,Walkaroo,WER332,CUSUION_NE_ZG,519,ok,
WhatsApp Image 2026-07-10 at 1.43.22 PM.jpeg,Walkaroo_IMG0102_Standard_499.jpeg,Walkaroo,IMG0102,Standard,499,fallback,"VipsJpeg: premature end of JPEG image
jpegload: load error
jpegload: load error
jpegload: load error
jpegload: load error
jpegload: load error
jpegload: load error"
WhatsApp Image 2026-07-10 at 1.43.23 PM (1).jpeg,Walkaroo_BX1952_Black_429.jpeg,Walkaroo,BX1952,Black,429,ok,
WhatsApp Image 2026-07-10 at 1.43.23 PM (2).jpeg,Walkaroo_BX1260_Brown_294.jpeg,Walkaroo,BX1260,Brown,294,ok,
WhatsApp Image 2026-07-10 at 1.43.23 PM (3).jpeg,Walkaroo_BASIX_BX1256_Tan_249.jpeg,Walkaroo_BASIX,BX1256,Tan,249,ok,
WhatsApp Image 2026-07-10 at 1.43.23 PM.jpeg,Walkaroo_BX1260_Blue_294.jpeg,Walkaroo,BX1260,Blue,294,ok,
WhatsApp Image 2026-07-10 at 1.43.24 PM (1).jpeg,Walkaroo_WE1347_MARGIN_749.jpeg,Walkaroo,WE1347,MARGIN,749,ok,
WhatsApp Image 2026-07-10 at 1.43.24 PM (2).jpeg,Walkaroo_WEI333_Black_559.jpeg,Walkaroo,WEI333,Black,559,ok,
WhatsApp Image 2026-07-10 at 1.43.24 PM.jpeg,Walkaroo_WE1347_MARGIN_749_2.jpeg,Walkaroo,WE1347,MARGIN,749,ok,
WhatsApp Image 2026-07-10 at 1.43.25 PM (1).jpeg,Walkaroo_WLB72023_CUSION_EP_I_289.jpeg,Walkaroo,WLB72023,CUSION_EP_I,289,ok,
WhatsApp Image 2026-07-10 at 1.43.25 PM (2).jpeg,Walkaroo_W172_Brown_319.jpeg,Walkaroo,W172,Brown,319,ok,
WhatsApp Image 2026-07-10 at 1.43.25 PM (3).jpeg,Walkaroo_WG5306_Brown_479.jpeg,Walkaroo,WG5306,Brown,479,ok,
WhatsApp Image 2026-07-10 at 1.43.25 PM.jpeg,Walkaroo_WEI333_Tan_559.jpeg,Walkaroo,WEI333,Tan,559,ok,
WhatsApp Image 2026-07-10 at 1.43.26 PM (1).jpeg,Walkaroo_W5687_Tan_379.jpeg,Walkaroo,W5687,Tan,379,ok,
WhatsApp Image 2026-07-10 at 1.43.26 PM (2).jpeg,Walkaroo_W5687_Brown_379.jpeg,Walkaroo,W5687,Brown,379,ok,
WhatsApp Image 2026-07-10 at 1.43.26 PM.jpeg,Walkaroo_WG5002_Blue_339.jpeg,Walkaroo,WG5002,Blue,339,ok,
WhatsApp Image 2026-07-10 at 1.43.27 PM (1).jpeg,Walkaroo_BX2624_Brown_304.jpeg,Walkaroo,BX2624,Brown,304,ok,
WhatsApp Image 2026-07-10 at 1.43.27 PM (2).jpeg,Walkaroo_Z304_Black_304.jpeg,Walkaroo,Z304,Black,304,ok,
WhatsApp Image 2026-07-10 at 1.43.27 PM (3).jpeg,Walkaroo_BASIX_WGB53416_Black_359.jpeg,Walkaroo_BASIX,WGB53416,Black,359,ok,
WhatsApp Image 2026-07-10 at 1.43.27 PM.jpeg,Walkaroo_WG5060_Tan_349.jpeg,Walkaroo,WG5060,Tan,349,ok,
WhatsApp Image 2026-07-10 at 1.43.28 PM (1).jpeg,Walkaroo_WG5713_FVALKARO_559.jpeg,Walkaroo,WG5713,FVALKARO,559,ok,
WhatsApp Image 2026-07-10 at 1.43.28 PM (2).jpeg,Walkaroo_W22108_Black_389.jpeg,Walkaroo,W22108,Black,389,ok,
WhatsApp Image 2026-07-10 at 1.43.28 PM (3).jpeg,Walkaroo_WG1331_Black_389.jpeg,Walkaroo,WG1331,Black,389,ok,
WhatsApp Image 2026-07-10 at 1.43.28 PM.jpeg,Walkaroo_BASIX_WGB53416_Brown_350.jpeg,Walkaroo_BASIX,WGB53416,Brown,350,ok,
WhatsApp Image 2026-07-10 at 1.43.29 PM (1).jpeg,Walkaroo_WL7200_PLUM_329.jpeg,Walkaroo,WL7200,PLUM,329,ok,
WhatsApp Image 2026-07-10 at 1.43.29 PM (2).jpeg,Walkaroo_WGR53203_Brown_399.jpeg,Walkaroo,WGR53203,Brown,399,ok,
WhatsApp Image 2026-07-10 at 1.43.29 PM (3).jpeg,Walkaroo_BX1665_Black_359.jpeg,Walkaroo,BX1665,Black,359,ok,
WhatsApp Image 2026-07-10 at 1.43.29 PM.jpeg,Walkaroo_W102_Black_299.jpeg,Walkaroo,W102,Black,299,ok,
WhatsApp Image 2026-07-10 at 1.43.30 PM (1).jpeg,Walkaroo_WG5060_Blue_349.jpeg,Walkaroo,WG5060,Blue,349,ok,
WhatsApp Image 2026-07-10 at 1.43.30 PM (2).jpeg,Walkaroo_BX2649_Brown_309.jpeg,Walkaroo,BX2649,Brown,309,ok,
WhatsApp Image 2026-07-10 at 1.43.30 PM (3).jpeg,Walkaroo_BX1256_Brown_249.jpeg,Walkaroo,BX1256,Brown,249,ok,
WhatsApp Image 2026-07-10 at 1.43.30 PM.jpeg,Walkaroo_BX1665_Brown_359.jpeg,Walkaroo,BX1665,Brown,359,ok,
WhatsApp Image 2026-07-10 at 1.43.31 PM (1).jpeg,Walkaroo_WG5309_Tan_479.jpeg,Walkaroo,WG5309,Tan,479,ok,
WhatsApp Image 2026-07-10 at 1.43.31 PM (2).jpeg,Walkaroo_WGH475_Brown_359.jpeg,Walkaroo,WGH475,Brown,359,ok,
WhatsApp Image 2026-07-10 at 1.43.31 PM (3).jpeg,Walkaroo_WG5060_Brown_379.jpeg,Walkaroo,WG5060,Brown,379,ok,
WhatsApp Image 2026-07-10 at 1.43.31 PM.jpeg,Walkaroo_BX1967_Blue_319.jpeg,Walkaroo,BX1967,Blue,319,ok,
WhatsApp Image 2026-07-10 at 1.43.32 PM (1).jpeg,Walkaroo_WLR74018_CUSUION_NY_HE_339.jpeg,Walkaroo,WLR74018,CUSUION_NY_HE,339,ok,
WhatsApp Image 2026-07-10 at 1.43.32 PM (2).jpeg,Walkaroo_WG3408_Black_359.jpeg,Walkaroo,WG3408,Black,359,ok,
WhatsApp Image 2026-07-10 at 1.43.32 PM (3).jpeg,Walkaroo_BX1967_Blue_319_2.jpeg,Walkaroo,BX1967,Blue,319,ok,
WhatsApp Image 2026-07-10 at 1.43.32 PM.jpeg,Walkaroo_WG5060_Tan_379.jpeg,Walkaroo,WG5060,Tan,379,ok,
WhatsApp Image 2026-07-10 at 1.43.33 PM (1).jpeg,Walkaroo_WG5340_Black_319.jpeg,Walkaroo,WG5340,Black,319,ok,
WhatsApp Image 2026-07-10 at 1.43.33 PM (2).jpeg,Walkaroo_WG5340_Blue_319.jpeg,Walkaroo,WG5340,Blue,319,ok,
WhatsApp Image 2026-07-10 at 1.43.33 PM (3).jpeg,Walkaroo_WF6258_Tan_839.jpeg,Walkaroo,WF6258,Tan,839,ok,
WhatsApp Image 2026-07-10 at 1.43.33 PM.jpeg,Walkaroo_BASIX_BX1952_Brown_429.jpeg,Walkaroo_BASIX,BX1952,Brown,429,ok,
WhatsApp Image 2026-07-10 at 1.43.34 PM (1).jpeg,Walkaroo_WF6270_Tan_759.jpeg,Walkaroo,WF6270,Tan,759,ok,
WhatsApp Image 2026-07-10 at 1.43.34 PM (2).jpeg,Walkaroo_WF6258_Black_839.jpeg,Walkaroo,WF6258,Black,839,ok,
WhatsApp Image 2026-07-10 at 1.43.34 PM (3).jpeg,Walkaroo_WF6255_Black_869.jpeg,Walkaroo,WF6255,Black,869,ok,
WhatsApp Image 2026-07-10 at 1.43.34 PM.jpeg,Walkaroo_WF6270_Tan_759_2.jpeg,Walkaroo,WF6270,Tan,759,ok,
WhatsApp Image 2026-07-10 at 1.43.35 PM (1).jpeg,Walkaroo_WF6258_Brown_839.jpeg,Walkaroo,WF6258,Brown,839,ok,
WhatsApp Image 2026-07-10 at 1.43.35 PM (2).jpeg,Walkaroo_Unknown_Tan_739_2.jpeg,Walkaroo,,Tan,739,ok,
WhatsApp Image 2026-07-10 at 1.43.35 PM (3).jpeg,Walkaroo_Unknown_Black_499.jpeg,Walkaroo,,Black,,ok,
WhatsApp Image 2026-07-10 at 1.43.35 PM.jpeg,Walkaroo_WF6255_Brown_869.jpeg,Walkaroo,WF6255,Brown,869,ok,
WhatsApp Image 2026-07-10 at 1.43.36 PM (1).jpeg,Walkaroo_WGR15002_EC_J_649.jpeg,Walkaroo,WGR15002,EC_J,649,ok,
WhatsApp Image 2026-07-10 at 1.43.36 PM (2).jpeg,Walkaroo_WGR15007_Grey_579.jpeg,Walkaroo,WGR15007,Grey,579,ok,
WhatsApp Image 2026-07-10 at 1.43.36 PM (3).jpeg,Walkaroo_Unknown_Tan_699.jpeg,Walkaroo,,Tan,699,ok,
WhatsApp Image 2026-07-10 at 1.43.36 PM (4).jpeg,Walkaroo_W1030_Blue_309.jpeg,Walkaroo,W1030,Blue,309,ok,
WhatsApp Image 2026-07-10 at 1.43.36 PM.jpeg,Walkaroo_WC4488_Blue_579.jpeg,Walkaroo,WC4488,Blue,579,ok,
WhatsApp Image 2026-07-10 at 1.43.37 PM (1).jpeg,Walkaroo_W1030_Tan_309.jpeg,Walkaroo,W1030,Tan,309,ok,
WhatsApp Image 2026-07-10 at 1.43.37 PM (2).jpeg,Walkaroo_WGR50073_Orange_249.jpeg,Walkaroo,WGR50073,Orange,249,ok,
WhatsApp Image 2026-07-10 at 1.43.37 PM (3).jpeg,Walkaroo_WGR50058_Black_349.jpeg,Walkaroo,WGR50058,Black,349,ok,
WhatsApp Image 2026-07-10 at 1.43.37 PM.jpeg,Walkaroo_W1030_Brown_309.jpeg,Walkaroo,W1030,Brown,309,ok,
WhatsApp Image 2026-07-10 at 1.43.38 PM (1).jpeg,Walkaroo_WG5002_Black_299.jpeg,Walkaroo,WG5002,Black,299,ok,
WhatsApp Image 2026-07-10 at 1.43.38 PM (2).jpeg,Walkaroo_WG5511_Blue_249.jpeg,Walkaroo,WG5511,Blue,249,ok,
WhatsApp Image 2026-07-10 at 1.43.38 PM (3).jpeg,Walkaroo_WG5511_Red_249.jpeg,Walkaroo,WG5511,Red,249,ok,
WhatsApp Image 2026-07-10 at 1.43.38 PM.jpeg,Walkaroo_WGR50058_Brown_349.jpeg,Walkaroo,WGR50058,Brown,349,ok,
WhatsApp Image 2026-07-10 at 1.43.39 PM (1).jpeg,Walkaroo_WGR50035_Tan_299.jpeg,Walkaroo,WGR50035,Tan,299,ok,
WhatsApp Image 2026-07-10 at 1.43.39 PM (2).jpeg,Walkaroo_BX1260_Blue_250.jpeg,Walkaroo,BX1260,Blue,250,ok,
WhatsApp Image 2026-07-10 at 1.43.39 PM (3).jpeg,Walkaroo_WGB53340_Blue_299.jpeg,Walkaroo,WGB53340,Blue,299,ok,
WhatsApp Image 2026-07-10 at 1.43.39 PM.jpeg,Walkaroo_BX1256_BASIC_224.jpeg,Walkaroo,BX1256,BASIC,224,ok,
WhatsApp Image 2026-07-10 at 1.43.40 PM (1).jpeg,Walkaroo_WGB53381_VALKAROO_269.jpeg,Walkaroo,WGB53381,VALKAROO,269,ok,
WhatsApp Image 2026-07-10 at 1.43.40 PM (2).jpeg,Walkaroo_Unknown_Green_339.jpeg,Walkaroo,,Green,339,ok,
WhatsApp Image 2026-07-10 at 1.43.40 PM.jpeg,Walkaroo_WGR50042_LORS_249.jpeg,Walkaroo,WGR50042,LORS,249,ok,
WhatsApp Image 2026-07-10 at 1.45.54 PM.jpeg,Walkaroo_WF6258_Brown_799_2.jpeg,Walkaroo,WF6258,Brown,799,ok,
WhatsApp Image 2026-07-10 at 1.45.55 PM (1).jpeg,Walkaroo_WL7900_French_Beige_359_2.jpeg,Walkaroo,WL7900,French_Beige,359,ok,
WhatsApp Image 2026-07-10 at 1.45.55 PM (2).jpeg,Walkaroo_WL7900_Purple_359_2.jpeg,Walkaroo,WL7900,Purple,359,ok,
WhatsApp Image 2026-07-10 at 1.45.55 PM (3).jpeg,Walkaroo_WLR79400_CUSHION_A_I_270.jpeg,Walkaroo,WLR79400,CUSHION_A_I,270,ok,
WhatsApp Image 2026-07-10 at 1.45.55 PM.jpeg,Walkaroo_WF6255_Tan_829.jpeg,Walkaroo,WF6255,Tan,829,ok,
WhatsApp Image 2026-07-10 at 1.45.56 PM (1).jpeg,Walkaroo_WL7800_Black_319_2.jpeg,Walkaroo,WL7800,Black,319,ok,
WhatsApp Image 2026-07-10 at 1.45.56 PM (2).jpeg,Walkaroo_WLR77012_Brown_359_2.jpeg,Walkaroo,WLR77012,Brown,359,ok,
WhatsApp Image 2026-07-10 at 1.45.56 PM.jpeg,Walkaroo_WLR77023_Green_299_2.jpeg,Walkaroo,WLR77023,Green,299,ok,
WhatsApp Image 2026-07-10 at 1.45.57 PM (1).jpeg,Walkaroo_WLP78012_Black_499.jpeg,Walkaroo,WLP78012,Black,499,ok,
WhatsApp Image 2026-07-10 at 1.45.57 PM (2).jpeg,Walkaroo_W187_Pink_189_2.jpeg,Walkaroo,W187,Pink,189,ok,
WhatsApp Image 2026-07-10 at 1.45.57 PM (3).jpeg,Walkaroo_W187_Blue_189_2.jpeg,Walkaroo,W187,Blue,189,ok,
WhatsApp Image 2026-07-10 at 1.45.57 PM.jpeg,Walkaroo_WLR77012_Olive_359_2.jpeg,Walkaroo,WLR77012,Olive,359,ok,
WhatsApp Image 2026-07-10 at 1.45.58 PM (1).jpeg,Walkaroo_BX2255_Brown_184_2.jpeg,Walkaroo,BX2255,Brown,184,ok,
WhatsApp Image 2026-07-10 at 1.45.58 PM (2).jpeg,Walkaroo_W172_Brown_279_2.jpeg,Walkaroo,W172,Brown,279,ok,
WhatsApp Image 2026-07-10 at 1.45.58 PM.jpeg,Walkaroo_BX2255_Grey_184_2.jpeg,Walkaroo,BX2255,Grey,184,ok,
WhatsApp Image 2026-07-10 at 1.45.59 PM (1).jpeg,Walkaroo_WL981_Blue_279.jpeg,Walkaroo,WL981,Blue,279,ok,
WhatsApp Image 2026-07-10 at 1.45.59 PM (2).jpeg,Walkaroo_WL7132_SOLE_EA_GE_264.jpeg,Walkaroo,WL7132,SOLE_EA_GE,264,ok,
WhatsApp Image 2026-07-10 at 1.45.59 PM.jpeg,Walkaroo_W102_Black_264_2.jpeg,Walkaroo,W102,Black,264,ok,
WhatsApp Image 2026-07-10 at 1.46.00 PM (1).jpeg,Walkaroo_Unknown_Tan_269.jpeg,Walkaroo,,Tan,269,ok,
WhatsApp Image 2026-07-10 at 1.46.00 PM (2).jpeg,Walkaroo_BX2255_FI_OE_184.jpeg,Walkaroo,BX2255,FI_OE,184,ok,
WhatsApp Image 2026-07-10 at 1.46.00 PM (3).jpeg,Walkaroo_BX2255_Blue_184_2.jpeg,Walkaroo,BX2255,Blue,184,ok,
WhatsApp Image 2026-07-10 at 1.46.00 PM.jpeg,Walkaroo_WLP70418_Rose_329_2.jpeg,Walkaroo,WLP70418,Rose,329,ok,
WhatsApp Image 2026-07-10 at 1.46.01 PM (1).jpeg,Walkaroo_Unknown_PLUM_259.jpeg,Walkaroo,,PLUM,259,ok,
WhatsApp Image 2026-07-10 at 1.46.01 PM (2).jpeg,Walkaroo_BASIX_BX2675_Maroon_229_2.jpeg,Walkaroo_BASIX,BX2675,Maroon,229,ok,
WhatsApp Image 2026-07-10 at 1.46.01 PM (3).jpeg,Walkaroo_WLR71215_Beige_299_3.jpeg,Walkaroo,WLR71215,Beige,299,ok,
WhatsApp Image 2026-07-10 at 1.46.01 PM.jpeg,Walkaroo_BX2650_Blue_239_2.jpeg,Walkaroo,BX2650,Blue,239,ok,
WhatsApp Image 2026-07-10 at 1.46.02 PM (1).jpeg,Walkaroo_WL7673_SOY_299.jpeg,Walkaroo,WL7673,SOY,299,ok,
WhatsApp Image 2026-07-10 at 1.46.02 PM (2).jpeg,Walkaroo_BX2672_Blue_264_2.jpeg,Walkaroo,BX2672,Blue,264,ok,
WhatsApp Image 2026-07-10 at 1.46.02 PM (3).jpeg,Walkaroo_WLR74018_PISTA_309.jpeg,Walkaroo,WLR74018,PISTA,309,ok,
WhatsApp Image 2026-07-10 at 1.46.02 PM.jpeg,Walkaroo_BX2669_Standard_259.jpeg,Walkaroo,BX2669,Standard,259,ok,
WhatsApp Image 2026-07-10 at 1.46.03 PM (1).jpeg,Walkaroo_WLR73022_Blue_279_2.jpeg,Walkaroo,WLR73022,Blue,279,ok,
WhatsApp Image 2026-07-10 at 1.46.03 PM (2).jpeg,Walkaroo_WGP53410_Tan_479_3.jpeg,Walkaroo,WGP53410,Tan,479,ok,
WhatsApp Image 2026-07-10 at 1.46.03 PM.jpeg,Walkaroo_WLR73022_Black_279_2.jpeg,Walkaroo,WLR73022,Black,279,ok,
WhatsApp Image 2026-07-10 at 1.46.04 PM (1).jpeg,Walkaroo_WEI356_Brown_719.jpeg,Walkaroo,WEI356,Brown,719,ok,
WhatsApp Image 2026-07-10 at 1.46.04 PM (2).jpeg,Walkaroo_Unknown_Tan_739_3.jpeg,Walkaroo,,Tan,739,ok,
WhatsApp Image 2026-07-10 at 1.46.04 PM.jpeg,Walkaroo_WGP53408_Blue_469_2.jpeg,Walkaroo,WGP53408,Blue,469,ok,
WhatsApp Image 2026-07-10 at 1.46.05 PM (1).jpeg,Walkaroo_Unknown_Black_679_7.jpeg,Walkaroo,,Black,679,ok,
WhatsApp Image 2026-07-10 at 1.46.05 PM (2).jpeg,Walkaroo_Unknown_Black_679_6.jpeg,Walkaroo,,Black,679,ok,
WhatsApp Image 2026-07-10 at 1.46.05 PM (3).jpeg,Walkaroo_Unknown_Black_679_8.jpeg,Walkaroo,,Black,679,ok,
WhatsApp Image 2026-07-10 at 1.46.05 PM.jpeg,Walkaroo_W27138_Standard_249.jpeg,Walkaroo,W27138,Standard,249,ok,
WhatsApp Image 2026-07-10 at 1.46.06 PM (1).jpeg,Walkaroo_Unknown_Black_679_9.jpeg,Walkaroo,,Black,679,ok,
WhatsApp Image 2026-07-10 at 1.46.06 PM (2).jpeg,Walkaroo_Unknown_Black_719_3.jpeg,Walkaroo,,Black,719,ok,
WhatsApp Image 2026-07-10 at 1.46.06 PM (3).jpeg,Walkaroo_Unknown_Black_719_4.jpeg,Walkaroo,,Black,719,ok,
WhatsApp Image 2026-07-10 at 1.46.06 PM.jpeg,Walkaroo_Unknown_Black_679_10.jpeg,Walkaroo,,Black,679,ok,
WhatsApp Image 2026-07-10 at 1.46.07 PM (1).jpeg,Walkaroo_W5687_Brown_309_3.jpeg,Walkaroo,W5687,Brown,309,ok,
WhatsApp Image 2026-07-10 at 1.46.07 PM (2).jpeg,Walkaroo_W5687_Green_309_2.jpeg,Walkaroo,W5687,Green,309,ok,
WhatsApp Image 2026-07-10 at 1.46.07 PM (3).jpeg,Walkaroo_W5687_Brown_309_4.jpeg,Walkaroo,W5687,Brown,309,ok,
WhatsApp Image 2026-07-10 at 1.46.07 PM.jpeg,Walkaroo_W5687_Black_309_2.jpeg,Walkaroo,W5687,Black,309,ok,
WhatsApp Image 2026-07-10 at 1.46.08 PM (1).jpeg,Walkaroo_WE1335_Black_599_2.jpeg,Walkaroo,WE1335,Black,599,ok,
WhatsApp Image 2026-07-10 at 1.46.08 PM (2).jpeg,Walkaroo_WE1335_RETAIL_599.jpeg,Walkaroo,WE1335,RETAIL,599,ok,
WhatsApp Image 2026-07-10 at 1.46.08 PM (3).jpeg,Walkaroo_WGP53320_WE_CN_479.jpeg,Walkaroo,WGP53320,WE_CN,479,ok,
WhatsApp Image 2026-07-10 at 1.46.08 PM.jpeg,Walkaroo_W5687_VATKAROO_309.jpeg,Walkaroo,W5687,VATKAROO,309,ok,
WhatsApp Image 2026-07-10 at 1.46.09 PM (1).jpeg,Walkaroo_WGP53032_J_A_E_799.jpeg,Walkaroo,WGP53032,J_A_E,799,ok,
WhatsApp Image 2026-07-10 at 1.46.09 PM (2).jpeg,Walkaroo_WGP53032_FET_799.jpeg,Walkaroo,WGP53032,FET,799,ok,
WhatsApp Image 2026-07-10 at 1.46.09 PM (3).jpeg,Walkaroo_WGP53440_Camel_519_2.jpeg,Walkaroo,WGP53440,Camel,519,ok,
WhatsApp Image 2026-07-10 at 1.46.09 PM.jpeg,Walkaroo_WGP53320_BACKBEGE_EE_479.jpeg,Walkaroo,WGP53320,BACKBEGE_EE,479,ok,
WhatsApp Image 2026-07-10 at 1.46.10 PM (1).jpeg,Walkaroo_WGP53410_Tan_479_4.jpeg,Walkaroo,WGP53410,Tan,479,ok,
WhatsApp Image 2026-07-10 at 1.46.10 PM (2).jpeg,Walkaroo_WGP5345_Blue_259_2.jpeg,Walkaroo,WGP5345,Blue,259,ok,
WhatsApp Image 2026-07-10 at 1.46.10 PM (3).jpeg,Walkaroo_WGR53351_Olive_539_2.jpeg,Walkaroo,WGR53351,Olive,539,ok,
WhatsApp Image 2026-07-10 at 1.46.10 PM.jpeg,Walkaroo_WGP53440_NIAED_VV_519.jpeg,Walkaroo,WGP53440,NIAED_VV,519,ok,
WhatsApp Image 2026-07-10 at 1.46.11 PM (1).jpeg,Walkaroo_WE1020_Black_629.jpeg,Walkaroo,WE1020,Black,629,ok,
WhatsApp Image 2026-07-10 at 1.46.11 PM (2).jpeg,Walkaroo_WE1020_EXTRA_629.jpeg,Walkaroo,WE1020,EXTRA,629,ok,
WhatsApp Image 2026-07-10 at 1.46.11 PM (3).jpeg,Walkaroo_BASIX_BX2554_PLUM_A_299.jpeg,Walkaroo_BASIX,BX2554,PLUM_A,299,ok,
WhatsApp Image 2026-07-10 at 1.46.11 PM.jpeg,Walkaroo_WGR53387_NUAL_TONE_NL_429.jpeg,Walkaroo,WGR53387,NUAL_TONE_NL,429,ok,
WhatsApp Image 2026-07-10 at 1.46.12 PM (1).jpeg,Walkaroo_WLP72034_Blue_349_2.jpeg,Walkaroo,WLP72034,Blue,349,ok,
WhatsApp Image 2026-07-10 at 1.46.12 PM (2).jpeg,Walkaroo_BX2554_Maroon_299_2.jpeg,Walkaroo,BX2554,Maroon,299,ok,
WhatsApp Image 2026-07-10 at 1.46.12 PM.jpeg,Walkaroo_WLP72034_Standard_349_2.jpeg,Walkaroo,WLP72034,Standard,349,ok,
WhatsApp Image 2026-07-10 at 1.46.13 PM (1).jpeg,Walkaroo_WLR71215_Beige_299_4.jpeg,Walkaroo,WLR71215,Beige,299,ok,
WhatsApp Image 2026-07-10 at 1.46.13 PM (2).jpeg,Walkaroo_WL7554_Purple_379_2.jpeg,Walkaroo,WL7554,Purple,379,ok,
WhatsApp Image 2026-07-10 at 1.46.13 PM (3).jpeg,Walkaroo_BASIX_BX2672_Brown_269.jpeg,Walkaroo_BASIX,BX2672,Brown,269,ok,
WhatsApp Image 2026-07-10 at 1.46.13 PM.jpeg,Walkaroo_WE2349_Olive_379_2.jpeg,Walkaroo,WE2349,Olive,379,ok,
WhatsApp Image 2026-07-10 at 1.46.14 PM (1).jpeg,Walkaroo_BX2554_Burgundy_299_2.jpeg,Walkaroo,BX2554,Burgundy,299,ok,
WhatsApp Image 2026-07-10 at 1.46.14 PM (2).jpeg,Walkaroo_WLR72017_Brown_269_2.jpeg,Walkaroo,WLR72017,Brown,269,ok,
WhatsApp Image 2026-07-10 at 1.46.14 PM (3).jpeg,Walkaroo_Unknown_PLUM_269.jpeg,Walkaroo,,PLUM,269,ok,
WhatsApp Image 2026-07-10 at 1.46.14 PM.jpeg,Walkaroo_WE2023_SOLE_J_499.jpeg,Walkaroo,WE2023,SOLE_J,499,ok,
WhatsApp Image 2026-07-10 at 1.46.15 PM (1).jpeg,Walkaroo_Unknown_VATKAVOO_379.jpeg,Walkaroo,,VATKAVOO,379,ok,
WhatsApp Image 2026-07-10 at 1.46.15 PM (2).jpeg,Walkaroo_WLR72077_Black_359_2.jpeg,Walkaroo,WLR72077,Black,359,ok,
WhatsApp Image 2026-07-10 at 1.46.15 PM (3).jpeg,Walkaroo_WLR72042_Sand_329_2.jpeg,Walkaroo,WLR72042,Sand,329,ok,
WhatsApp Image 2026-07-10 at 1.46.15 PM.jpeg,Walkaroo_WE2349_Purple_379_2.jpeg,Walkaroo,WE2349,Purple,379,ok,
WhatsApp Image 2026-07-10 at 1.46.16 PM (1).jpeg,Walkaroo_WL7554_Olive_379_2.jpeg,Walkaroo,WL7554,Olive,379,ok,
WhatsApp Image 2026-07-10 at 1.46.16 PM (2).jpeg,Walkaroo_BX2554_Black_299_2.jpeg,Walkaroo,BX2554,Black,299,ok,
WhatsApp Image 2026-07-10 at 1.46.16 PM (3).jpeg,Walkaroo_WLP74050_Olive_499.jpeg,Walkaroo,WLP74050,Olive,499,ok,
WhatsApp Image 2026-07-10 at 1.46.16 PM.jpeg,Walkaroo_BX2554_Blue_299_2.jpeg,Walkaroo,BX2554,Blue,299,ok,
WhatsApp Image 2026-07-10 at 1.46.17 PM (1).jpeg,Walkaroo_WC8800_White_269_2.jpeg,Walkaroo,WC8800,White,269,ok,
WhatsApp Image 2026-07-10 at 1.46.17 PM (2).jpeg,Walkaroo_Unknown_Khaki_339.jpeg,Walkaroo,,Khaki,339,ok,
WhatsApp Image 2026-07-10 at 1.46.17 PM (3).jpeg,Walkaroo_WC4843_BS_J_A_314.jpeg,Walkaroo,WC4843,BS_J_A,314,ok,
WhatsApp Image 2026-07-10 at 1.46.17 PM.jpeg,Walkaroo_WE1347_Olive_749_2.jpeg,Walkaroo,WE1347,Olive,749,ok,
WhatsApp Image 2026-07-10 at 1.46.18 PM (1).jpeg,Walkaroo_Unknown_CAM_A_479.jpeg,Walkaroo,,CAM_A,479,ok,
WhatsApp Image 2026-07-10 at 1.46.18 PM (2).jpeg,Walkaroo_WC8737_Grey_299_2.jpeg,Walkaroo,WC8737,Grey,299,ok,
WhatsApp Image 2026-07-10 at 1.46.18 PM (3).jpeg,Walkaroo_WC4823_Grey_289_2.jpeg,Walkaroo,WC4823,Grey,289,ok,
WhatsApp Image 2026-07-10 at 1.46.18 PM.jpeg,Walkaroo_WC4843_Grey_314_3.jpeg,Walkaroo,WC4843,Grey,314,ok,
WhatsApp Image 2026-07-10 at 1.46.19 PM (1).jpeg,Walkaroo_Unknown_Black_439_2.jpeg,Walkaroo,,Black,439,ok,
WhatsApp Image 2026-07-10 at 1.46.19 PM (2).jpeg,Walkaroo_WC8819_Tan_279_2.jpeg,Walkaroo,WC8819,Tan,279,ok,
WhatsApp Image 2026-07-10 at 1.46.19 PM (3).jpeg,Walkaroo_WC4829_White_359_2.jpeg,Walkaroo,WC4829,White,359,ok,
WhatsApp Image 2026-07-10 at 1.46.19 PM.jpeg,Walkaroo_Unknown_Khaki_439_2.jpeg,Walkaroo,,Khaki,439,ok,
WhatsApp Image 2026-07-10 at 1.46.20 PM (1).jpeg,Walkaroo_WC4865_Peach_299_3.jpeg,Walkaroo,WC4865,Peach,299,ok,
WhatsApp Image 2026-07-10 at 1.46.20 PM (2).jpeg,Walkaroo_WES821_Tan_439.jpeg,Walkaroo,WES821,Tan,439,ok,
WhatsApp Image 2026-07-10 at 1.46.20 PM (3).jpeg,Walkaroo_WF6258_Brown_799_3.jpeg,Walkaroo,WF6258,Brown,799,ok,
WhatsApp Image 2026-07-10 at 1.46.20 PM.jpeg,Walkaroo_FLR43110_Beige_329_2.jpeg,Walkaroo,FLR43110,Beige,329,ok,
WhatsApp Image 2026-07-10 at 1.46.21 PM.jpeg,Walkaroo_WF6255_Tan_829_2.jpeg,Walkaroo,WF6255,Tan,829,ok,